Ulasan,Ratings
"produk sesuai pesanan dan deskripsi,,
ori, sesuai, segel,,
fungsi baik,,
kualitas oke",5
"- Barang masih segel
- Barang original
- Packing aman dan tebal
- Seller terpercaya
- Garansi resmi
- Warna barang sesuai pesanan
- Seller terpercaya",5
"Seller ramah, Produk sesuai deskripsi dan Original Xiaomi Official. Pesan Tanggal 30 Desember 2024 barang sampai ditangan pada tanggal 31 Desember 2024 dengan kondisi baik.",5
"Sampai dengan selamat, pengiriman lumayan cepet, kotaknya masih full segel, bukan barang second juga dan abis beberapa hari make alhamdulillah belum ada masalah. Mungkin kalo ada akan segera komplain. Makasih min",5
"Barang masih di segel, barang sesuai, pengiriman ya bisa dibilang  lama, better xiaomi official menyediakan tidak hanya pengiriman reguler , melainkan juga pengiriman 1 hari sampai atau pengiriman sameday dan instant.",5
"mantap original joss 
barang original 
fitur sesuai
harga hemat
garansi resmi
official store top",5
"barang masih segel baru garansi resmi official packing bagus, fitur lengkap spek gahar, pengiriman agak lama, jgn di ragukan lagi klo di xiaomi official",5
"Barang mulus, segel, kotak aman, sayang nggak dapet pas harga flash sale, semoga bisa jadi daily driver untuk jangka waktu yg lama ğŸ¤",5
"barang masih segel.
new.
original.
berfungsi dengan baik.",5
"pesanan sesuai dan sampai dengan selamat, meskipun datang agak lama tapi barang aman masih tersegel, barang ori dapat harga disc pula, puas banget belanja disini terimakasih seller dan kurir",5
"barang diterima dengan baik, lengkap dan berfungsi normal, aman, rekomended seller.",5
"Barang sampai dengan aman, meskipun dos luar agak sedikit penyok, tapi untung masih ada bubble wrap nya, kondisi masih tersegel dan tentunya pengiriman ok.Terima kasih banyak Toped dan Seller.",5
"Barang diterima dengan baik, sejauh ini dipake masih lancar jaya, garansi resmi dari official xiaomi, segelnya bagus, barang juga sesuai dengan pesanan.. semoga awet sih.. makasih poco, makasih xiaomi..",5
"barang tersegel rapi. ada stiker yang di lepas ada tulisan gitu. emang beda kalo toko resmi yang jualan

barang sampai sesuai estimasi & berfungsi normal",5
barang masih di segel waktu sampai & ada garansi resmi berfungsi dengan baik! kualitas barang original pasti top,5
Barang sampai dengan aman. Original segel xiaomi dan ada garansi resmi 15 bln. Sesuai dengan ekspetasi dan berfungsi dgn baik,5
Alhamdulillah hp nya sudah datang dengan mulus packing rapih pengiriman cepat sesuai pesanan respon penjual gokil ga ada obat gercep langsung bungkus dan kirim. terimakasih untuk seller dan toped. barang ORI. masih disegel udah dicoba berfungsi semua cuma belum dicoba pake SIM card,5
"sip, barang segel, original, langsung di tranfer file dari HP lama",5
"barang bagus 100% original, spek mantap, kamera top, performa garang, cumak agak panas aja, overall okelah terbaik di kelas harganya. pengiriman cepat, admin fast respon. gak nyesel beli di official store, aman, nyaman dan banyak diskon pastinya coy.",5
"barang aman masih tersegel, didalam dus sudah tersedia adaptor, kabel usb type c dan case hp. sudah dipakai 1 bulan masih oke banget",5
"Kondisi Pengiriman
Barang diterima dengan selamat, meskipun ada sedikit kerusakan pada kardus pelindung luar. Pengiriman memakan waktu sedikit lebih lama dari perkiraan, tetapi masih dalam batas wajar.

Proses Unboxing
Setelah diterima, saya langsung melakukan unboxing. Untungnya, kardus produk dan ponselnya tetap aman berkat lapisan pelindung tambahan berupa kardus ekstra dan bubble wrap. Semua aksesoris lengkap dan tidak ditemukan kerusakan pada produk.

Kinerja dan Fitur
Fitur-fitur yang dijanjikan terbukti sesuai dengan deskripsi produk, memberikan pengalaman yang memuaskan. Saya memilih varian warna abu-abu dengan kapasitas 12/512, dan hingga saat ini, performanya tidak mengecewakan.

Kesimpulan
Secara keseluruhan, pembelian ini sangat memuaskan. Tidak ada penyesalan sejauh ini, dan ponsel berfungsi dengan baik, termasuk digunakan untuk menulis review ini.",5
"Barang ori dan berfungsi dengan normal, packing aman, pengiriman satset, dapet di harga 4,2jt gak tau murah apa engga tapi its oke",5
"sejauh ini puas.. tampilannya ciamik, hasil kameranya lumayan bagus, performa juara, proses charging cepat",5
"Review sebulan lebih pemakaian. Saya beli buat main game berat (seperti di video, sori rada skill issue ğŸ¤­) dan hasilnya performanya memuaskan walaupun ga bisa dipaksa rata kanan. Pemakaian untuk gaming berat sekarang pakai kipas, dan dibandingkan dengan kakak sepupunya Poco F3, ini jauh lebih terjaga suhunya. Kurangnya so far cuma waktu pengiriman kurirnya agak lama, tapi itu problem di kurirnya.",5
pertama sih deg2an gak ada opsi pengiriman instan tapi Alhamdulillah sesuai perkiraan. pesen rabu pagi sampai kamis siang. fitur spesifikasi sesuai yang diiklankan. siap-siap batre lumayan boros tapi cas nya cepet penuh juga sih jadi masih oke. Mudah2an awet,5
"Sengaja kasih ulasan setelah 2 minggu lebih, biar diliat dulu ada yang damage atau barang gak berfungsi. Untungnya produk ori, aman, gak ada kerusakan samsek. Walaupun sempat ada hang atau bug gitu, tapi bisa teratasi. Lumayan, sih, dapet harga yang jauh lebih murah dari harga aslinya (5 juta). Untuk review, gak perlu, sih. Semua yang dibilang GadgetIn bener, kok",5
"Dikirim sehari sampe sih, lama nya cuman di store nya doang. haha sampe degdegan kirain ga di konfirm. Barang sesuai pesanan, aman masih segel, kartu garansi ada, semoga awet aja. aamiin",5
"Barang berfungsi dengan normal, semoga tidak ada kendala kedepannya. Sudah pakai Poco X3 NFC dari 2021 dan masih normal. upgrade yang luar biasa, keep up the good work POCO ğŸ˜ğŸ¤™ğŸ»",5
"segel, original, kwalitas bukan kalengÂ²an berfungsi dgn baik, pengiriman ok",5
Barang masih segel waktu sampai & ada garansi resminya ğŸ‘ berfungsi dengan baik kualitas original pasti topğŸ‘ the best,5
"HP Masih segel original, barang original beli Pas promo, dipacking dgn baik & Aman dgn bubble plus kardus luar, pengiriman cepat & Aman, terima kasih",5
"barang bagus dan tidak rusak saat sampai, packing Paketnya Juga Bagus. ğŸ˜
Cuma Pengiriman Sedikit Melewati Waktu Estimasi Tiba, Bikin Agak Sedikit Khawatir, Tapi Setelah Datang Paket sesuai dengan pesanan. 
Selebihnya Mantap dah. ğŸ˜",4
barang bagus banget barang bagus dpt murah di genggam nyaman kenceng mumer lagi,5
"Barang masih disegel waktu sampai, kelengkapannya sesuai, pengiriman cepat, ada garansi resmi. Mantap",5
"barang masih segel, 100% original ğŸ‘ğŸ‘",5
"barang segel, garansi resmi, pengiriamn aman dan cepat mantaaaap",5
"barang mantap..langsung pakai tanpa kendala apapun itu. Poco memang bikin poco poco...hp kelas premium harga ekonomi. Ini Hp kualitas fotonya juga ga maen maen, eman eman emang nih Hp..top markotop..semoga semakin laris manis tangjul kimpul",5
"masih segel, kemasan tidak ada yg penyok, 
pengiriman cepat, 
pokoknya mantul.. 
thanks seler & sigesit",5
"HP berfungsi dgn baik, ori, garansi, dan bersegel",5
"Dapet di harga 3,95 juta pas event 11.11.
Barang datang masih tersegel. bubble wrap tebal, packingan rapi & aman. Smartphone paling best value for money di harga kurang dari 4 jutaan. Dimensity 8309 ultra udah pasti kenceng. Kamera juga ternyata cukup oke & memuaskan, sebanding sama X3 NFC saya yg lama. Layar di kondisi terik matahari cukup terang & terlihat jelas. Bezel sangat tipis, ngalahin merek2 lain di rentang harganya. Pokoknya overall puas banget deh. top markotop. cuma ekspedisinya aja yg lama. Pake Si Gesit dari Samarinda ke Muara Badak nunggu 5 hari baru diantar.",5
barang sesuai foto dan deskripsi. respon penjual baik. packing aman. pengiriman cepat,5
"Barang sudah diterima dalam kondisi baik,  packaging juga baik.. kondisi barang sesuai pesanan, mantaap... sukses selalu yah, terima kasih...",5
"ponselnya keren banget, harga 4 juta kapasitas gede jadi lega buat install dan bisa main game gatcha terbaru tahun ini seperti wuwa dan zzz. sayangnya ponsel masih cukup panas buat memainkan game yg disebutkan tadi.",5
"barang datang dengan selamat, keluh kesah cuman di pengiriman aja sih dari seller atau sic***t gk tau lah dari mana kok bisa barang gagal pickup sampe 3 hari gk beres pickup.. ya memang order pas rame-ramenya 12-12 tapi ya ayo lah masak lama kali",5
barang segel ori mantap mudah2an awet dama kayak f1 aku yg lama ğŸ˜… thank xiomi Indonesia,5
"murah bgt ni hp tapi bagus bgt, dapet case juga tpi sayang gadapet pin utk buka sim nya

EDIT: HATI-HATI TERHADAP PENIPUAN YG MENGATASNAMAKAN XIAOMI OFFICIAL INDONESIA. SAYA KENA HIPNOTIS 3 ARAH DAN HP SAYA YANG INI HILANG DENGAN DALIH BARANG DISPLAY DAN PENIPU BILANG AKAN DIGANTI YG BARU 

Awalnya penipu nya pesan GO-SEND ke rumah saya berdalih dari xiaomi indonesia dengan meminta hp POCO yang ini dengan alasan barang display. saya tdk tau apa2 ya saya berikan handphone nya dan saya telat sadar bahwasanya itu adalah penipuan. Mohon untuk admin xiaomi kalau bisa penipu nya diusut lagi krn ini sangat mengganggu terutama utk orang yg tidak tau apa2. beruntung handphone nya sdh di pin dan fingerprint dan blum dimasukan kartu SIM. Memang hp saya ga akan balik lagi tetapi semoga tdk ada kejadian serupa utk yg membaca ulasan ini",5
"maaf baru kasih ulasan,baru seting dan tes hp nya, Alhamdulillah hp nya berfungsi dengan baik tanpa kendala,untuk sellernya ramah dan responsif,packingnya rapih,proses pengiriman cepat, kebetulan barang saya ambil sendiri ke gerai siCepat karna satu jalur.. thanks, Xiaomi Official dan Tokopedia,sukses slalu ğŸ˜ŠğŸ™ğŸ‘",5
"masih segel, sdh dapat casing plastik Poco, screen protector sdh terpasang yg tipis, body plastik & ringan, speck sesuai deskripsi , imei cocok dgn di dus,  packaging aman pengiriman kurir lama, diluar estimasi , overall ok la...",5
"mantab barang ori, segel... moga awet terus.. top markotop... ğŸ‘ğŸ‘ğŸ‘",5
"produk original 
packing aman 
proses pengepakan lama 
pengiriman lama",4
Barang tersegel dan berfungsi dengan baik,5
"Sangat Cepat Proses Pengirimannya.
Barang Aman. Tapi memang panas ya? Semoga aman & awet",5
"Barang original, dites ga ada masalah.
Kinerja cukup kenceng untuk sekarang, storage luas 512gb

Dpt murah 3,9jt promo 11.11 

Mantab ğŸ˜",5
"Keren, barang original dan masih segel. dapat warna grey mantap. poco poco jaya jaya. ğŸ¤˜ğŸ»",5
"Packing sangat bisa diandalkan, walaupun sampai agak lama
saya maklum karena 1212.
Kelengkapan sesuai, untuk kinerja ponsel belum saya gunakan secara maksimal. overall is goodğŸ‘
thank xiaomi official.",5
"""Beli satu dapat duaa, hanya Poco hp kesayangan kita SEMUA!""
saya pengguna Poco dari sejak Poco F1, Poco X3 Pro, Poco F4GT dan Poco F5. 
dan selama saya pakai,tidak pernah ada kendala selama pemakaian, bahkan Poco F1 dan Poco X3 Pro saya belum pernah service. POCO MATOT? SORRY SAYA TELAH MEMBUKTIKAN SENDIRI KUALITASNYA!, GOOD JOB POCO TERUSLAH BERKARYA! LEWATI BATASAN TETAPLAH MEMBERI YANG TERBAIK UNTUK ANAK MUDA DENGAN HARGA YANG SEBENARNYA. SESUAI TAGLINE #POCONYABERAKSI. GOD BLESSğŸ™",5
"beli pas sale, dapat diskon kurleb 500rb an. skrg lagi di charge. kalau baca review sih kek nya bagus. nanti mau coba install game berat. ram 12 storage 512 vga mid range yg bagus",5
"Packaging aman, isi box lengkap, software dan hardware aman",5
"Barang Resmi, Wrapping asli Xiaomi , Barang diterima Bagus",5
"barang aman dan masih segel, pengiriman 3hari ke kota bdg, barang mulus bnget, mudah2an awet yaa buat si aku yg bosenan ini hehe",5
"barang segel, garanasi resmi, pengiriman cepet respon lapak baik, mantaaap",5
"Pengiriman cepat dan rapih, barang sesuai dan baik keadaannya semua, thank you mimin",5
"barang tiba dengan Selamat,sesuai pesanan,packing aman gak ada penyok2, bagus sekali.. terimakasih",5
"(Brand New+Seal dan packing nya aman) 
â­Harganya Bersaing
â­Spesifikasi'nya Tinggi

Semoga After-Sales nya bagus (entah itu di software/pelayanan yang lain). 
Dan semoga gak Ghoib sih wkwk",5
"Barang original, pengiriman cepat, semoga awet, mantap pokoknya Terimakasih min..",5
"Barang masih tersegel pada saat datang. Mantappp
Barang dalam kondisi Baru",5
hasil war tanggal 1febuari2024. meski g dpt diskonnya tp gpp. btw hpnya masih d segel. ori. dan work tntunya semoga awet. btw yg maen ML yuk mabar ama gw di LITA cari aja SadonkJP d tunggu.,5
"Barang masih segel, sesuai pesanan warna grey, Mantaap, proses jg sangat cepat cuma 2 hari udah sampai. Semoga awet HP nya. Terimakasih kak ğŸ™ğŸ»",5
barang bagus sesuai dengan deskripsi serta dipaking dan dihandle dengan baik,5
"pertama kali sih memberanikan diri beli hp via online, semoga awet dan resmi dari officialnya dan bergaransi. sampai paket degdegan karena ada logo Mi takut dituker atau dicuri sama kurir. tapi alhamdulillah sicepat dan kurirnya amanah sampe rumah aman sentosa",5
Barang sesuai dengan pesanan pengiriman barang cepat sampai ke tujuan harganya murah promo online 8.8 3024 Joss Puas Gandozz,5
"barang bersegel dan original, mantap betul juragan, rekomended seller deh",5
mantap dapat harga flashsale dan pengiriman cepat semoga tambah maju terus xioami indo dan tambah bagus produk beserta harga ramah di kantong,5
Barang sampai dalam kondisi paket normal. Sejauh ini Hape aman dan tidak ada kendala.,5
"good, ori, sesuai post. nanti pasti bkalan sring2 blnja d sni. thank you",5
"lumayan dapet pas promo jadi cuma 3,2 wkwk, barang bagus banget upgrade dari Poco x 3 pro buat harian dah lebih dari cukup",5
"Alhamdulillah barang sampai dengan selamat, proses pengiriman cepat, seller ramah dan amanah. semoga awet ğŸ˜ğŸ™",5
Pengiriman agak lama. untung aman. paket masih segel... semoga awet dan lancar pemakaiannya. thanks..,5
"nice keren, mantap, gokil, bagus, oke, nyaman",5
"Barang ok, pengiriman cepat, mskasih seller",5
"packing aman ,,packing rapi. warna sesuai pesanan proses cepat dari penjual",5
"wow mantab tiba dengan selamat puas banget, packing aman datang tepat waktu dan sdh di coba berfungsi baik sekali. terimakasih poco",5
"barang oke sesuai deskripsi, beli karena rekomendasi bang David Gadgetin",5
barang rapi.. admin fast respon... datang tepat waktu,5
"Pengiriman sangat2 lama, packingnya tidak aman (kardusnya basah, kopong dan bubblewrap hanya 1 lapis), untuk barangnya sendiri berfungsi dengan baik",3
"paket aman dikemas rapi, pengiriman juga termasuk cepat ğŸš€",5
"original, sesuai deskripsi, hp keren produk Batam, kota tempatku tinggal... Awsome",5
barang diterima dengan baik dan aman. ada bubblewrap dan dapat case juga. senang sudah diterima dengan bagus.,5
"barang masih disegel saat sampai, barang ini resmi karena beli di official store, Poco mantap",5
"Pengiriman cepat, packing ok , seller ok. Prodik sesuai deskripsi.",5
"packingnya mantep, gede banget. bubblewrap berlapis. pengiriman cepat.
item sesuai pesanan. abunya cakep, bezelnya ngikut warna abunya.",5
produk spesifikasi mantap.. pengiriman cepat dan aman..,5
"Barang masih disegel packingnya rapi dan amn, produk hpnya sesuai spesifikasi warna, warna yg saya pesan itu grey,",5
"Barang aman samoe ditangan, overall kondisinya bagus cuman disayangkan kurir SAP nya lama banget, dr tgl1 ini baru on hands gila sihhh wkwkwkw",5
barang saat sampai masih tersegel rapih dan sampai dengan keaadan aman,5
"barang sesuai dan pengiriman sangat cepat, terima kasih
xiaomi",5
"Barang sesuai pesanan, pengiriman cepat, warna sesuai req, paking amn, terimakasih Poco Xiaomi",5
"HP Poco pesanan saya sdh diterima sesuai dgn spec. pengiriman cepat, packing aman, mudahÂ²an awet.",5
"Barang bagus, paket rapi, aman, tapi kurir lambat dalam penfiriman",5
"alhamdulillah barangnya sudah diterima dengan aman dan baik, HP poco X6 pro keren banget n pengiriman nya cepet mantap poll...",5
"Poco X6 Pro 5G datang dengan aman, paket komplit sesuai description.
Thank You Poco & Xiaomi Official Store diskon 11.11 Tokopedia ğŸ‘ğŸ‘",5
Mantap! Bekerja dengan baik dan aman. Semoga awet.,5
alhamdulillah barangnya bagus sesuai pesanan pengiriman juga cepat,5
"Cepet sekali pengirimanya, barang normal semua pokonya jos",5
"Barang diterima dengan baik tidak ada kerusakan dan sesuai pesanan warna yg dipesanan.
Hanya kecewa dengan jasa pengirimanya aja yg agak lama sampe 4 hari baru sampe.
Overall, terimakasih banyak.",5
"mantep seneng banget cocok . muantepppppp
anti gempa... kiriman beberapa hari sampai surabaya woke... 


makasi makaseeeeee",5
barang sudah sampai. bagus normal. keren sesuai pengiriman cepat. mantap,5
Poco X6 Pro 5G tampilannya elegan bagus banget ğŸ˜ mudah2an hpnya awet smpe bertahun-tahun seperti hp sebelumnya poco x3 nfc ğŸ¤²,5
Barang masih disegel waktu sampai dan sesuai pesanan,5
"Barang dalam keadaan bagus, belum di cek hpnya. Semoga tahan lama ya.",5
"terima kasih, barang sudah sampai dan berfungsi, semoga awet sampai kakek nenek..",5
"Produk original dan berkualitas, harga murah, respon penjual baik, pengiriman cepat, cukup puas dengan pelayanannya, semoga bisa jadi toko langganan",5
"Barang original dan bagus, berfungsi dengan baik.
hanya pengiriman yang agak lama",5
"barang datang dengan aman ,walaupun box luarnya penyok tapi barang utama di dalamnya masih aman .untuk pemakaian 2 hari tidak ada kendala ,semoga awet untuk kedepannya dan terimakasih untuk Xiaomi Indonesia",5
"hasil unboxsing tidak menggecewakan. Segel aman. hp berfungsi dengan baik. sesuai pesanan.
isi dalam kerdus kumplit. 
Kekuranganya adalah tidak ada sim injector. kudu minjem dulu.",5
"dapet harga diskon, semoga awet dan bisa terus berkarya dengan bantuan hape ini",5
"Barang dalam keadaan tersegel, garansi resmi. Semua lengkap.",5
"Barang cepat sampai, pasti ORI, tidak ada cacat. mantaplah lokoknya",5
"paket datang aman. baru di test dan cek
sudah kelar check dll berfungsi semua
spesifikasi sesuai
test camera good",5
Barang berkualitas dan pengemasan cepat cm jasa ekspedisi sedikit bermasalah tp seller mau membantu dan komunikatif dalam menanggapi komplain,5
barang masih di segel Original dari official Xiaomi,5
"produk ok, packingan aman jaya, thanks poco",5
"marang berfungsi baik, original, sesuai dengan pesanan",5
"Barang ori, sesuai pesanan, normal semua",5
"Saya gak kasih bintang 5, belinya tgl 6 tibanya tgl 16, kenapa juga pakai kargo padahal yang tertera saat pembelian tidak demikian, official store tapi packingan adduuh..perlu belajar lagi kirim2 barang antar pulau",3
"magrib tanggal 25 pesen, tanggal 26 siang udah sampe pengiriman anteraja. setelah beberapa kali kalah terus war hp ini, akhirnya dapet juga plus pas payday jadi dapet cashback 499.000. mantul. pengiriman lumayan aman. cuma dus luar agak penyok dikit tapi alhamdulillah dus hp nya gak kenapa2. terima kasih",5
"barang masih segel, lengkap, pengiriman pas banget 5 hari baru sampe. admin selalu jawab pertanyaan",5
"barang masih disegel waktu sampai, tidak ada caccat dalam pengiriman",5
"Barang sesuai pesanan. Pesan warna kuning eeehhh malah yang dikirim warna kuning...ya sudahlah saya terima dengan hati â¤ï¸ senang...
Tinggal nanti ijin sama istri deh....
Moto : Lebih baik menyesal tapi beli drpd menyesal ga beli...
Saya dapet pas 12.12 di harga Rp 3,2juta.
Terima kasih Xiomay (POCO).",5
"barang masih di segel, aman, barang sesuai dengan pesanan. Dan bergaransi resmi",5
"Barang sampai tujuan sesuai estimasi pengiriman dan tiba di waktu yg tepat.
Barangnya lengkap.
Good
thanks poco",5
"Barang tiba dengan kondisi baru, ada garansi. Mantap lah, sesuai dengan deskripsi, Hp dengan performa bagus di harga yg murah!!!",5
"alhamdulillah bs sampai tepat waktu.
barang ori, masih tersegel.",5
"Barang masih segel, packing rapih. Belum buka di coba idupin masih dalam box",5
"barang sampai dengan selamat ada bubble yang melindungi dari segala sisi lain
barang datang sesuai dengan tanggal estimasi yg ditentukan
estimasinya lama",5
"Pengemasan sangat baik, barangnya tiba dengan baik dan lumayan cepat. Barang juga berfungsi dengan baik",5
Mantul Penyimpanan lega ga ada lawan dikelas harganya.. bezel tipis enak dipandang.. ngebut.. build qualty bagus2 aja menurut saya kokoh.. tak seperti yg di bicarakan beberapa reviwer ytub katanya seperti kerupuk.. engga woy.. serius ga bakal nyesel.. apalagi dapat harga 4 juta lebih dikit.. semoga awet dan tidak ada bug bug di hyper OS nya.. itu aja sih.. ğŸ‘ŒğŸ‘ŒğŸ‘Œ,5
bagus masih segel paking lumayan tidak ada penyok barang juga bagus,5
"Barang sampai dengan selamat . Barang segel packing rapi cuma packing luar rawan basah . Lama di pengiriman ""Ekspedisi"" . Barang berfungsi dengan baik dan normal . Rekomend sebagai hp mid range",5
"barang masih tersegel rapih, kelengkapan sesuai deskripsi (hp+case+charger+kabel+stiker& dll)

mantap hp nya semoga awet dan bisa untuk jangka waktu yg lama",5
"Barang ori masih di segel, warna hp juga sesuai request dan packingan nya juga rapi, meski bubble warpnya cuma selapis tapi kotak hp di dlm tetap aman tanpa lecet, kotak luarnya juga tdk penyok.
Cuma masalahnya ada di pengiriman yg lama, bahkan sampe melewati estimasi.",5
"Anti gores mereng â€¦ Pengiriman penuh drama oleh Sapx asli menguras emosi waktu dan juga pikiran , dibola2 utk sekedar menanyakan paket nya sudah dimana dr tgl 1 smpk tgl 12 baru terkirim â€¦ tolong d perbaiki kedepannya utk pengiriman agar pelanggan tidak kecewa â€¦ barang nyampak alhmd aman keknya â€¦ tq",1
"untuk sekarang ok, tapi untuk nanti GK tau",5
Kondisinya bagus & berfungsi dengan baik. Packing & pengiriman juga Ok. thanks Xiaomi & pak Kurir yg kirim barang pesananmu..,5
"baraang okeeeyy , mantaap pengiriman cepat . mengerikan pokoknya",5
barang masih segel dan garansinya resmi xiomi.. semoga awet,5
"mantap, lebih cepat dari estimasi yang diperkirakan",5
"barang di terima kondisi aman tidak ada isi yg tertinggal/rusak, pengiriman lama sampai extratime... tpi ga apa maklum barang yg terlalu hype langsung habis. overall mantap ğŸ‘",5
"paketnya dateng dengan selamat, pengiriman cepat, masih di segel, pemakaian nya juga normal pokoknya mantep, dari Rom, Ram, kamera,dll semuanya sesuai dan berfungsi normal (brand mana lagi yang 512 di bawah 5jt ğŸ˜‚)

*sayang saya ketipu oleh pihak yang mengatasnamakan Xiaomi ğŸ˜¢ (jadikan pelajaran saja untuk diri sendiri dan untuk yang lain agar berhati-hati dengan pihak manapun)",5
"batrenya cepet habis,  pengiriman standar, packing standar",4
Baca komen proses lambat pengiriman lambat dll.. Tp ternyata skrng proses cpt banget.. Pengiriman jg kilat banget edan kaget gw kmrn sore pesen besok malemnya langsung sampe pdhl beda provinsi.. Good improvement.. Check stock sisa grey.. gpp gaskeun hajar... produk puas banget good quality terlampir hasil video n foto..,5
"Pengiriman cepat mantap, kurir reguler,  pesan jumat siang sampe minggu siang, mantap",5
"Barang sampai dengan selamat 
Recommended seller 
Good quality 
Jossssssssssssss",5
"Barang sesuai deskripsi, pengiriman cepat, respon penjual bagus. semoga awet",5
Alhamdulillah seller sangat amanah... paket mendarat dengan aman... walaupun pertama kali bingung pas setting poco x6pro tapi setelah dicoba berkali2 ternyata cuma perlu penyesuaian ke os terbaru ja... ğŸ‘ğŸ‘,5
barang masih tersegel rapi. isinya lengkap dan dalam kondisi yg baik. Top pokokğŸ‘,5
barang masih disegel dan berfungsi dg baik,5
"Barang okee, resmi Xiaomi Indonesia.. untuk Unit nya luar biasa puas.. Recommended 

cukup banyak drama dlm proses order nya.. tp bersyukur dpt unit perdana launching.. 

saran: Perbaiki sistem order by online / melalui e-commerce.. pastikan Stok unit ditiap e-commerce ready.. komunikasi admin by chat sebisa mungkin liat historis chat sblm nya, sehingga tdk perlu sampai ada 2x pertanyaan yg sama dg admin yg berbeda.. dan tambahkan pengiriman menggunakan instant",5
"Alhamdulillah barang sudah sampai dengan selamat, packing rapi. lumayan dapet harga promo, thank you seller, mantapppâ¤ï¸",5
"barang masih disegel, hp nya bagus, ga nyangka dapat harga murah",5
Discont nya mantab dan gokil 9.9 tokped wadiwaw,5
"Barang sudah diterima dalam kondisi baik dan di tes hidup, tapi belum di tes keseluruhan",5
"masih segel
aman
mantab dah
oke banget 
pengiriman cepat juga",5
barang masih segel. pengiriman standard. Spec lumayan Ok. Harga lumayan.,5
butuh 3 hari tapi barang sampe kondisi segel aman. semoga awet.,5
"barang original cepat n mantap,........",5
"sip, sesuai, meski pengantarannya kurir nya lama, tapi batang telah sampai dgn aman tanpa cacat. sedang mindahin aset dri poco F2 pro ke poco X6 Pro",5
"akhirnya kusikat 
yg viral bisa kudapat. 
spek dahsyat 
harga hebat.

maturnuwun, smoga awet",5
"barang masih disegel, packing aman ,barang tiba tepat waktu",5
produk lengkap sampai dengan selamat dan cepat mantabbb,5
"respon cepat 
pengiriman cepat 
barang segel
semoga awet",5
"pengiriman cepat dan rapih, paket dibungkus dengan kardus dan bubble warp, paket penjualan juga lengkap",5
"Barangnya sangat cepat sampainya, ori dan semoga awet",5
Barang di segel rapi pembukusan aman top official,5
"barang sampai dengan cepat, 
sesuai pesanan dan berfungsi dg baik .. 
mantapp",5
"Mantap barang original segel, udah dipake semingguan tidak ada kendala lancar jaya gaming berat bisa rata kanan grafis nya, agak boros batre dibandingin realme8 punya gw sblm nya (5000 mAh sama tpi chip g95), tips nya biar agak hemat ganti refresh rate 60hz setting grafis game medium & jgn mode performance, klw masalah panas mah namanya juga gaming pasti panas tapi ini mah masih anget wajar (tanpa AC & case), mudah-mudahan awet gak matot (jgn dimainin sambil cas woy, gak ada bypass charging soalnya), buat yg punya budget pas di bawah 5jt (gaji umr wkwk) pgen gaming mendekati poco f6 sd8gen3 ini dibeli aja jgn ragu gak beda jauh power nya, harga segini dpt varian 12/512 GB kpn lg coba, hp zaman skrng dah gak ada slot sdcard nya jadi ini dah cukup bgt, kamera nya lumayan bagus, stereo dolby, terimakasih xiaomi good job.. semoga kedepannya update OS ada dynamic island notification, OS stabil tidak banyak memakan ram & batre",5
"Alhamdulillah sudah sampai dengan aman dan baik, walaupun menguras banyak waktu karena ikut war Alhamdulillah masih bisa dapetin juga,semoga barang nya awet, terimakasih untuk poco official dan semoga pelayanan nya di tingkat kembali dan semoga segera stock nya di adain lagi, soalnya masih banyak yang ingin beli,tapi jgn kasih ke tengkulakğŸ˜ğŸ™ sekali lagi terimakasih poco semoga barang nya awet",5
"barang telah di terima dengan baik, aman dan lengkap. thanks seller.",5
mantap hp nya no kendala tpi karna baru sih heheh moga kedepannya awet nih hp,5
"Thankyou Xiaomi & Poco.
puas sama barangnya, tanpa lecet, sesuai dgn deskripsi dan pengiriman cepat.
Next order lg ğŸ™",5
"berfungsi dengan baik dan tidak ada kerusakan. Terima kasih, semoga awet ğŸ™ Mohon sediakan kurir yang lebih baik lagi kedepannya.",4
Barang original lengkap dengan nota dan pengiriman cepat dan kurir sangat aware terimakasih ya smg awet barangnya,5
"barang sesuai deskripsi, pelayanan cepat, mantaaop",5
"barang masih segel, cuma jasa kurir nya aja lama, overall good",5
"pengiriman cepat, barang sesuai ekspektasi",5
barang masih bersegel... kualitas baik... semoga awet ..  selama nya,5
hp sdh diterima dgn baik..packing aman..so far tdk ada kendala..pengiriman jg cukup cepat walaupun reguler..thanks for xiaomi indonesia..,5
"barang segel , Alhamdulillah pengiriman cepat. semoga tidak ada kendala",5
"sesuai pesanan
barang nya aman sampai tujuan
thanks ya",5
"hp poco x6 pro 5g sudah diterima sesuai dgn pesanan saya, pengiriman cepat & aman, packing sangat save. tks",5
"makasih, barang sesuai semoga enak buat ngonten, pas dapet diskon potongan harga jadi lebih hemat.",5
"Alhamdulillah Barang sesuai pesanan,paketnya aman dan bagus,cepat sampainya",5
"dapet harga promo mantap sekaliii, kurir rekomendasi juga cepet banget nih sat set co jumat siang sabtu siang sudah mendarat dengan selamat dirumah",5
barangnya bagus selali terima kasih banyak yaa minnn. sangat bagusss sekaliii. terbaik,5
barangnya bagus selali terima kasih banyak yaa minnn. sangat bagusss sekaliii. terbaik,5
barangnya bagus sekali terima kasih banyak yaa minnn. sangat bagusss sekaliii. terbaik,5
"Alhamdulillah barang sudah sampai 
Original syukron tokopedia dan team xiaomi sudah memberikan harga terbaik",5
"barangnya bagus mantep pokoknya
pengirimannya cepet banget. semoga hapenya awet",5
"lama datang nya,untung sampe sempat di bilang hilang bikin pusing,untung kurir nya kenal saya",5
"barang bagus pelayan ya bagus, paket datang sesuai estimasi pokoknya top deh",5
barang tersegel. recommended. semoga awet gan,5
"mantaaaap. hp mendarat dengan selamat dan mulus no minus, semoga awet ga ada kendala apapun amin",5
barang sudah diterima dengan baik.. cuma dipengiriman aja aga lama.. overall bagus thx,5
"keren, mantap maksimal, performa maksimal...thanks poco...",5
"mantab sekali 
produk 100% original",5
"Barang sudah sampai, cepat pengirimannya, pesan minggu malam rabu siang sudah datang",5
"Bagus banget emang, udah liat review orang-orang. Best banget dan super cepat pengiriman",5
"luar biasa, sangat puas atas produknya dan pengiriman",5
"HPnya bagus, semoga stocknya bisa dibanyakin biar orang pada beli juga",5
"mantul banget nihh ğŸ¥°ğŸ¥°ğŸ¥°
barang sesuai pesanan, terimakasih ğŸ‘",5
mantaps luar biasa cepat tepat padat sara gerrrr,5
miss komunikasi karena kesalahan prosedur pengiriman,3
"Alhamdulillah barang datang tepat waktu, sesuai ekspektasi, semoga awet... AamiinğŸ¤²",5
keren cepet juga sampee nyaa semoga awett dahh cape btt kerjaan beli hp mulu makasihh yaaaa semoga makinn kerennn bgttt,5
baj ssndmsnnshsdbdndmxm dndmsknd e enekdkdndndnndmkekeke,5
"barang ok bgt, dan pengiriman cepat",5
masih segel pabrik,5
"mantap min.. best lah...

recomended pokonya.. ga ngecewain",5
FLASHSALE IS REAL BRO! THX XIAOMI & TOKOPEDIA! ğŸ”¥ğŸ”¥ğŸ”¥ğŸ”¥ğŸ”¥,5
"Packing luar kurang rapi, tapi dalam kardus pakai bubble wrap, segel masih rapat 
respon toko cepat, pengiriman juga cepat,
overall oke semua, semoga awet kedepannya",5
Barang masih disegel waktu sampai dan ada garansi resminya. Berfungsi dengan baik. Kualitas barang original pasti top,5
"barang bagus dan baik, hanya saja pelayanan dan pengirimannya kurang baik, untuk kedepannya tolong di update dahulu stoknya baru disale, jangan setelah orang order namun stok habis, co tanggal 2 baru sampai hari ini di tanggal 19 dikarenakan waktu itu stok kosong, but over all devicenya cakep, Terima kasih xiaomi ğŸ™",5
"Barang ORI, masi segel, packing aman, brg sesuai pesanan. Pegirimany cepat.",5
Barang sampai dengan kondisi baik walaupun sedikit kendala pengiriman di kurir [sicepat]  dan harus di komplain melalui tokopediacare dus pengaman bagian luar sedikit basah. pelayanan toko sangat baik terutama saran untuk komplain dan investigasi pengiriman oleh kurir.,5
"paket diterima dengan selamat, unit lengkap sempurna, mulus, mumpuni. selalu puas sama pabrikan Xiaomi, harga dibawah rata rata, tapi spesifikasi di atas rata rata.",5
"respon penjual bagus, traking barang bagus, barang masih tersegel, ori, kemasan aman.. Terima kasih",5
"kameranya jernih ternyata, biasa pake one ui samsung, butuh adapatasi buat hyoper, terima kasih semoga awet dan memenuhi kebutuhuan harian buat kerja",5
barang masih segel. fitur yang sangat mantap. sesuai dengan harga apalagi dapat flash sale tambah murah lagi. cuman pengiriman yang lambat.,5
sampai dengan selamat barang aman sampai tujuan untuk performa dan sebagainya saya sarankan update agar tidak gampang panas walaupun di limit dan pengoptimalan pada kameranya,5
"Customer service nya 10/10, respon admin cepat, terus dari segi packing nya juga cepat, dan di luar jangkauan pihak Xiaomi memang pengiriman agak lambat (wajar) dan paket datang ada yang penyok dikit (wajar). overall 10/10",5
"Paket diterima tepat waktu, packing baik, barang dterima utuh. Kelengkapan seperti charger dll lengkap. saat digunakan tidak mengecewakan. Original. Mantap banget. Original",5
barang masih segel kualitas baik ram besar harga terjangkau semoga awet,5
"barang segel sesuai pict,minus cuma di bagian pengiriman lama sekalii,, secara keseluruhan worth it",5
"Barang masih segel, ada garansi resmi, Seller Terpecaya, pengiriman cepatan, barang original, dan barang sesuai dengan pesanan, the Best dah Xiamio Official Indonesia",5
"barang ori, packing aman. pengiriman cepat sehari langsung sampai, recommended seller",5
"Pengemasan aman.
Produk sesuai dengan deskripsi.
Kualitas original dan masih segel. 
Harga dapat diskon lumayan. 
Sudah dicoba dan berfungsi dengan baik. Spek barang flagship dengan harga terjangkau.",5
"pengiriman lancar, pengemasan aman. produk original dan berfungsi dengan baik. kelengkapan unit terdiri dari case, hp, dan charger",5
"barang sangat baik saat sampai dirumah, benar2 masih orisinil, fungsi semua berjalan dengan normal, cek imei sesuai dan juga speknya sesuai dengan pesanan, pengiriman sangat cepat dan aman, packing sangat tebal dan aman, terimakasihğŸ‘",5
"Barang masih tersegel ketika sampai, packaging bagus pake kardus dan bubble wrap, sesuai deskripsi, pengiriman sangat baik bahkan h-1 estimasi sudah sampai, over all puas! Terimakasih!",5
"Products: 5/5, Sesuai deskripsi, diterima dalam kondisi baik, no complain sama sekali, ini pembelian Poco X6 Pro ke-2, gaming bareng istri.

Penjual: 5/5, OK, response cepat, dikirimkan dalam waktu 24 jam setelah pesan.

Packing: 4/5, untuk packing OK, product aman pada saat diterima, kondisi OK sekali.

Pengiriman: 5/5, pakai kurir rekomendasi, pengiriman cepat, diterima dengan baik

Thanks a lot :).",5
"Mantab, bagus, sesuai expectation, layar bagus, warna bagus, speed nya bagus, tak ada lag, game lancar, ga cepet panas, harga bagus qualitas bagus, ya jeleknya cuman xiaomi oh xiaomi selalu install install apps sendiri, salah pencet dikit ke install apps random hahaha",5
"Review setelah satu pekan pemakaian, performa konsisten, sesuai dengan yang diiklankan. Suhu perangkat untuk pemakaian bermain game normal. Untuk pengiriman, aman tidak ada cacat, sempat gagal pickup dari pengirim oleh kurir, tapi perangkat sudah diterima pembeli kurang dari 3 hari.",5
"Barang masih segel, Toko sangat baik dalam menangani barang, serta barang walaupun hari libur tetap diproses, Barang sesuai dengan yg diinginkan dan spesifikasi sesuai dengan yg tertera. Terima Kasih semoga awet",5
"Barang datang dengan selamat tanpa cacat, mungkin saran bubble wrap ditambah biar makin safety, karena yang datang kemarin cuma satu lapis, Alhamdulillah tetap aman sih. Terimakasih seller",5
"Barang d packing dg baik dan masih tersegel dg baik, pengiriman sesuai estimasi, kondisi lengkap, asli garansi resmi",5
barang segel dan original. seller respon cepat. recommended,5
"barang datang dengan selamat, segel resmi. kualitas bagus. sayang bubble wrapnya hanya satu lapis saja. overall aman",5
"Barang yg dikirim sesuai pesanan saya tetapi packingan bubble wrap sangat tipis sekali membuat kotak agak rusak sedikit dan pengiriman Hp saya sangat lama sekali menggunakan kurir sicepat hampir 10 hari saya menunggu Wow itu sangat lama pengalaman pertama kali kirim barang selama ini, lainkali tukar kurirnya ke JnT saja ya.",4
"Barang ORI, respon penjual gercep banget. pengiriman cepat, Sabtu sore CO, senin barang sudah sampai.. terima kasih kak. the best pokoknya",5
"Barang bagus, kamera bagus, spek bagus, buat main game lancar jaya.. kekurangan kalau di gas main game sedikit boros dari pada hp lainnya.. recomended!

upgrade yg bagus untuk poco x3 pro",5
"Sampai dgn selamat, sesuai pesanan, dan masih segel, barang ORI, berfungsi baik, mantap ,,ğŸ‘ğŸ»",5
"barang sampai, pesen sabtu, senin sampai, barang tidak ada yg pecah atau lecet dan rusak. terima kasih xiaomi semoga hapenya awet",5
"Barang segel dan mulus, cuman kualitas kardus packing luar bisa lebih ditingkatkan lagi , biar ga gampang penyok walaupun dr dalam sudah dilapisi bubble wrap",5
"Kesan setelah pemakaian satu bulan
Secara OS awal awal emang perlu penyesuaian karena pakai hyperOS yang baru tapi semingguan juga udah terbiasa. Prosesornya mumpuni banget gaming lancar abis main HSR pun ga kendala minusnya paling panas back cover nya lumayan kerasa setelah satu jam lebih pemakaian. Hasil jepretan juga ga kaleng-kaleng mungkin keangkat sama prosesornya ya",5
"Barang ORI, masi segel, paking baik, aman, tdk rusak. ad Babel didalam.",5
"Kurir ngebut, paket datang, isi tepat sesuai pesanan
tapi unit gw ada audio delay 1/4 detik di semua aplikasi, termasuk game sekalipun, makanya gw cuma kasih Bintang 4, gw bisa ke service center sih soal ini, tapi ya tetap aja..",4
"Barang Sesuai
Garansi 15 bln setelah HP konek ke internet
Pengiriman cepat
Spesifikasi joss buat saya yang upgrade dari X3 pro
terimakasih",5
"nggak nyaka barangnya ori,
baru pertamakali beri barang elektronik online,,
sayangnya kartu garansinya nggk ada ya,",5
"Unit aman, barang sesuai, bagus, ekspedisi cepat sesuai namanya, tapi kotaknya lecet dikit.",5
"packing kurang aman, bubble wrap sedikit barangnya berasa kepentok kalo dus di goncang.
pengiriman sicepat agak meragukan, tapi sesuai jadwal pas hari terakhir perkiraan
kondisi barang bagus, dus tidak rusak dan barang berfungsi normal
overall oke lah",4
"produk sudah mendarat dengan selamat ,segel ori no repack2 club . garansi 15 bulan semoga awet",5
"Poco X6 Pro 5G memiliki performa cepat, layar AMOLED jernih, dan baterai tahan lama. Cocok untuk multitasking, gaming, dan fotografi dengan hasil yang bagus. Harga terjangkau untuk fitur yang ditawarkan. Sangat puas!",5
"barng ori, packing bagus, berfungsi dengan baik.",5
"Barang cepat terkirim, kualitas tentu bagus dari official store langsung xiaomi.... masih kondisi tersegel, aman dan pastinya ori ya....recommended",5
"alhamdulillah barang sampai dengan selamat kondisi masih segel, untuk video unboxing terlalu panjang, tidak bisa di upload,,,",5
"Paket,rapih dan aman, pengiriman cepat, barang masih tersegel, berfungsi dengan baik, spesifikasi sesuai.",5
"barang tersegel dengan rapih, tidak ada yang terbuka atau cacat. garansi juga tersediağŸ‘",5
"barang segel
berfungsi dengan baik
proses cepat
joss lah pokoknya",5
"Barang bagus ORI, packing rapi, pengiriman tepat & aman, sesuai deskripsi",5
"barang masih segel, ori, datang dengan baik, pengiriman cepat, dijamin mantulll",5
"Baru ğŸ’¯% , Masih segel, Packing aman, Seller gercep & langsung di proses pengiriman.",5
"Paket sudah sampai kotak masih segel, peoduk kecil  sudah dites nyala, hp merk ini baru di pakai browsing dan nonton yutub g lama bodinya kerasa hangat untuk buka2 multitasking scroling kurang responsif kurang mulus dibanding hp lain? trima ksih",5
"barang diterima dengan baik tapi sayang packing nya biasa aja pakai buble wrapnya hanya dalam dan diluarnya gak dilapisi lagi, sedikit kecewa karena saat confirm barang yg saya mau katanya habis dan gak tau kapan ready nya, setelah saya CO ke esokannya barang yg saya mau malah ready. untuk video unboxing gak bisa di upload karena sizenya kebesaran.",4
"Barang sesuai dengan iklan, masih segel dengan kelengkapannya. Respon dan pengiriman cepat, packing aman.",5
"Barang ORI
Segel utuh dan berfungsi dgn baik
Seller TOP",5
"Barang datang masih segel, langsung dipakai lancar jaya, recommended seller, terimakasih",5
barang nya bagus masih di segel hidup dengan lancar dan respon penjual nya cepat hebat deh pokok nyağŸ˜†ğŸ˜†,5
"Packing rapi meskipun bubble wrapnya tipis. Kondisi produk aman, pengiriman 3 hari sampe. Bismillah semoga awet. Thankyou Poco!",5
"Pengiriman mundur, Pelayanan Official store jauh dari kata bagus menghadapi antusias pembeli, sempat drama setelah warr hp ini, tapi saya hargai niat baik dan tanggung jawab dr pihak penjual. Mohon jadi pelajaran ke depan nya supaya bs menjadi lebih baik. Terima kasih barang saya sudah sampai hari ini dan tidak jadi diproses cancel",5
"barang oke, varian yellow vegan leather nya empuk, tapi krn chipset mediatek, lebih gampang panas ketimbang Poco x5 pro (SD 778 g) tp Masih dlm batas wajar, Performa ngebut, main COD rata kanan, e-football rata kanan, batre Mayan awet, pengiriman lama (kurir sicepat), overall okay",4
"Barang masih segel ketika sampai, berfungsi dengan baik, mau upload video unboxing tapi videonya kepanjangan. Tapi kalo boleh lain kali bubble warpnya ditambah atau dipertebal lagi",5
"Barang bagus tanpa minus, sesuai, dan berfungsi dengan baik. Semoga hp ini awet sampai 5 tahun kedepan ğŸ‘",5
"Barang original masih ada segel ori di box utuh belum terpotong.
Pilih pengiriman standar waktu tibanya pas gak lambat keren si cepat sumsel.
Pengemasan aman ada kardus ekstra sama bubble.",5
"setelah hampir 2bulan pemakaian baru bisa kasih riview,
pada intinya ini hp keren banget, 
dapet harga 3.2 waktu event 12:12. 
kapan lagi punya hp dengan Ram 12/512 dengan harga 3.2 ..
ya walau pun sempet takut paket hilang atau apalah, tapi alhamdulillah setelah 5 hari menunggu dengan cemas akhirnya datang dengan aman ..",5
"sejauh ini sudah d cek berfungsi dengan baik. Pemakaian sewajarnya kondisinya gak panas sama sekali, kecuali klo d pakai game berat ya udah pasti suhunya naik. Build quality biasanya. rekomen dengan harga segitu",5
"produk sampai dengan aman, pengiriman cepat, kondisi baik dan tanpa cacat, sejauh ini tdk ada kendala, sesuai deskripsiğŸ‘",5
"Barang masih baru original dan disegel, untuk packing aman ada bubble wrap nya. mantab ğŸ‘",5
"barang masih segel pas baru sampai & ada garansi resmi, hp berfungsi dengan baik dan tidak ada kendala apapun, pengiriman cepat dan kurir pun ramah..",5
"Alhamdulillah kebeli hp ini.
Barang masih segel dan aman ketika sampai. 
Berfungsi dengan baik. 
Terimakasih seller dan kurirâœ¨",5
"Barang diterima dengan kondisi baik sekali dan mulus, impresinya dari hp ini sangat oke untuk yang suka main game karena prosesornya yang ngebut. Belum lagi tampilan dan desain hapenya yang kece, jadi nambah prestis untuk pegangnya. Minusnya dari hp ini mungkin suhunya yang kadang agak terasa panas di genggaman aja, sama batre yang terasa cukup terkuras padahal pemakaian normal, meskipun itu emang konsekuensi dari SoC yang super cepat. Overall sangat rekomen dari segi performa dan harga yang perlu dibayar ğŸ‘",5
"barang masih segel waktu sampai, kualitas original, bagus, pengiriman cepat
mantulll",5
"Unit aman, segel terpasang, semua berfungsi dengan baik, top dah.",5
"barang original , tidak ada cacat dan mulus",5
"sebelumnya pakai redmi note 10 pro 3 tahun, udah niat tahun ini ganti ke sumsang a54, lagi ancangÂ² beli eh keluar ini, spek gahar, dapat charger dan casing, dapat warna kuning di war jam 1330 tgl 1,  very happy membuktikan bukan tengkulak dan BOT tp bisa dapat, Tks Poco. Kurir nya kacau box bonyok tp dalamnya aman",5
"barang masih d segel. kualitas barang baik.
 hanya pengiriman tidak sesuai estimasi, jasa kirim tidak ada konfirmasi juga bahwa akan d kirim terlambat jadinya d ambil sendiri ke gudangnya",5
"Barang oke. Waktu setup panas bgt.
Mungkin awal2 aja semoga selanjutnya ga bermasalah.
Pengiriman terlalu lama menunggu kurir",5
"Sempat kecewa disuruh mimin batalin pesanan karena stock habis, tapi semuanya terobati ketika hp ini tiba dengan selamat sentosa dan sesuai dengan apa yang diharapkan. Makasih POCO.",5
"barang masih tersegel, kondisi baik, warna bagus, pengantaran baik",5
"setelah bersabar cukup lama akhirnya dapat juga barang datang dengan selamat, estimasi pengiriman sesuai, barang original & tersegel berfungsi dengan normal",5
"Seller Ramah, Fast Respon, barang murah dan berkualitas, packing bagus.

dari hpnya dapat tambahan casing, mantapp",5
"Jujur agak kecewa ga kebagian warna grey, tapi hitam jga ga jelek2 amat. semuanya normal, ga ada masalah.
pengiriman juga sesuai estimasi, kurir nya lion parcel pak ahmad afik sopan banget. PUAS SIH!",5
Seminggu pemakaian sejauh ini memuaskan. nge-game rata kanan ok meskipun anget anget. mau multitasking juga bisa lebih sat set. mantab,5
"mantap poco x6 pro, suara yg jernih, layar yg tajam dan prosesor yg kencang, bobot hp yg enteng dan enak digengam, jozz poco",5
"Paking kardus, di kasih buble warp selapis. Masih segel ori, belum di nyalain, mudah2an normal.",5
Barang masih tersegel berfungsi dengan baik top pokoknya..mantap,5
"barang original, bahan kuat dan premium, kualitas bagus, fitur hp sesuai deskripsi, packingan rapih dan aman, segel resmi ada, pengiriman cepat, pelayanan ramah dan sopan, dan barang berfungsi dengan baikğŸ‘Œ. terimakasih Xiaomi dan Tokopedia ğŸ™â˜º",5
barang sudah sampai dengan selamat komplit tapi pengiriman emang agak lama efek dari 1212 dapat harga yang lumayan fast event 1212 overall puas dengan barangnya barang ori garansi resmi semoga awet terima kasih seller terima kasih untuk kurirnya,5
"mantap, hp baru segel garansi resmi, pengiriman cepat, pokonya sip semua dah.",5
mantaps kamera berfungsi dengan baik semuanya aman puas banget,5
"Berfungsi 100%, tidak ada kecacatan, pengiriman mantap, gacor parah",5
"mantaaap. respond cepat dan aman semua. walaupun lama kesimpan di gudang pengiriman, boxnya tetep aman karena packing aman. test kamera ke modelkit pun detailnya ketangkep",5
"barang gak usah diragukan, pesan saja buat tokped, walaupun gak bakalan dianggap komenan saya,seperti pejabat +62 saja. ( kenapa suka sekali memilih ekspedisi yang membuat naik darah, seperti SAPX, apakah tutorial menghancurkan tokped, padahal sudah ribuan yang MENGELUHğŸ˜¤ğŸ˜¤ğŸ˜¤)",4
"mantap maksih xiaomi,barang ori segel aman",5
"Pelayanan sangat baik, admin fast respon dan ramah. Selama proses pengiriman pun cepat, bahkan lebih cepat dari yang saya kira. Ketika sampai kondisi paket dalam kondisi baik, tidak ada cacat pada dus, aksesoris, hp, dll. dengan kondisi semuanya lengkap. Setelah saya pakai seharian tidak ada masalah dengan smartphone-nya dan sudah sesuai harapan saya. Terima kasih POCO!",5
"Seller 
1.responsif dan komunikatif
2.packing dan proses cepat

Product 
1. Cukup baik design 
2.material bagus sesuai harga lah
3.berfungsi

recommended seller dan product Kualitas Rekomended
  mantap the best......

 Rekomen ğŸ‘ğŸ» Produk Sesuai Material Produk Bagus Produk original ğŸ’¯",5
"Order dari tanggal 1 Feb sampe 5 Feb ke Sby, akhirnya sampai dengan selamat, dan setelah di cek keseluruhan... Alhamdulillah unit tidak cacat pabrik

tes game Genshin Impact, Honkai Starrail setting rata kanan main 2 jam lancar dan stabil 50-60 fps",5
"Sesuai ekspetasi, hanya saja pengiriman nya lama mungkin karena banyak orderan.
Lebih murah dibandingkan beli di gerai resminya, sempat ke BEC bandung, tanya harga ke 3 admin di gerai resmi xiaomi nya, harganya beda beda. Di online store resminya harga 5jt. Tanya di gerai resmi BEC ke 3 admin harganya beda beda dari 5,6 sampai 5,9. Katanya wajib pakai bundle dan asuransi. Tidak bisa beli hp nya saja. Kesan nya seperti dipaksa untuk beli pretelan yang mungkin ga semua orang perlu.",5
"Produk masih segel ketika sampai, produk sesuai deskripsi, sesuai pilihan warna, terimakasih. #terbaiq!",5
mantap barang sampai tidak lecet dan berfungsi dengan baik terimakasih semuanya ğŸ˜,5
"Segel asli dr poco Indonesia. Barangnya sesuai dengan deskripsi, garansi resmi. Build quality bagus, & packing mantap.",5
"awalnya agak khawatir dengan packingnya karena terlihat jelas tulisan xiaomi official store, harusnya bisa di hidden aja.. tp setelah di buka aman.. pengiriman cpt cuma 1 hari sampe semoga vidionya membantu",5
barang sudah sampai. kondisi masih di segel. produk original. terimakasih tokonya amanah.,5
"Barang masih disegel waktu sampai & ada garansi resminya âœ¨ Berfungsi dengan baik, Kualitas barang original pasti top. Semoga barang awet",5
"paket sudah saya terima sesuai orderan warna yellow, hp mantep anti lag lag saat main game di tambah storage y gede ram 12G cocok buat kerja lapangan simpan file documen size besar,",5
mantap hp dengan performa kencang buat game berat. Kamera juga sudah mencukupi untuk kebutuhan sosmed,5
"Barang segel.. 
Ori
pengiriman cepat. barang sesuai pesanan",5
Segel original bagus berfungsi semoga awet,5
"barang original,masih segel,kualitas joosss",5
"Produk Ori, Pengemasan safety, 
Over all Good... 
Semoga harus Awet dan gak Ada problem ke depan nya.. Tq Min",5
"barang masih tersegel aman, garansi Xiaomi pastinya... fitur belum tau semoga awet di saya yaaa",5
"buat yang beloman dapet, sering"" liat stok sama event nya si xomay (biasa nambah di awal bulan).. nambah 600 unit aja ludes gak sampe 15 menit.. itu pun gw hoki pas banget liat toped, pas stok lagi nambah..

buat kurir, pake ninja, invoice tanggal 7 Maret 24 jam 9 malem, dikirim tanggal 8, tanggal 9 udah sampe..
mantap sih..

kalo gw liat sekarang somay masih mau jualan stock lama dan 13.
kalo udah ngerasa lelah, mending cek toko sebelah..",5
barang. bagus pengiriman cepat sudah dipakai kurang lebih 1 Minggu hp nya cuma dipake maen game maen pubg adem maen MOBA semua hp sama hangat semua,5
"- SANGAT PUAS !!

Packaging aman, tidak lecet sama sekali, toko terpercaya. Barang datang tepat waktu. Penjual juga responsif ğŸ˜‹ğŸ˜‹â¤ï¸â¤ï¸",5
"barangnya enak banget, ringan, dan nyaman digunakan, terlimat mewah juga,
terimakasih xiaomi, hpnya kerenğŸ¥°",5
"barang sesuai pesanan, packaging rapih dan rapat, belum buka unit karena untuk kado ibu, semoga awet dan bekerja dengan baik menggantikan hp lama yg katanya lemot :)))",5
"akhirnya dapet barang goib, hp spek dewa memory lega buat jangka panjang, harga terjangkau. buat yang belum dapet jgn nyerah yaa. jgn kalah sama tengkulak",5
"barang masih segel, sesuai deskripsi, pengiriman cepat",5
"barang diterima dalam kondisi baik, sementara bekerja normal dan optimal, top markotop",5
"Alhamdulillah barang sdh sampai kondisi msh d segel dlm dus, tp sayang g d kasih plastik babelrap LG JD kardus luarnya g pake baju",4
"barang masih disegel. berfungsi dengan baik, pengiriman cepat",5
"Barang saat sampai kardus depannya sudah bolong, walaupun sudah diberi label fragile. Untuk pengiriman sangat lambat, pesan tanggal 1 dan baru datang hari ini, itupun dengan chat cs xiaomi dan ekspedisi berulang-ulang hehe. Sedangkan untuk barangnya bagus dan masih tersegel sesuai dengan deskripsi.",4
"box hp di terima dalam keadaan baik. hanya box luar saja yang bolong mungkin karena kurir. 
box hp nya aman masih tersegel rapih.
keadaan hp dan charger semuanya dapat digunakan dengan sangat baik.
thank you ğŸ™ğŸ»",5
"barang ori, masih disegel, pengiriman tepat waktu.",5
"Asli mantap sangat ini hape buat harian + gaming tipis2. upgrade sangat dari hape chipset G99 wkwkwkwk

harga killer banget buat performanya, apalagi pas diskon",5
barang mantap normal tdk cacat hanya kendala di ekspedisi nya saja yg kurang satset,5
"barang sampai tujuan, pengiriman cepat, hp nya cuma minus di baterai aja sih agak boros TPI yang lain nya okeh aman , gak ada lecet, ouh iya cuma bubble warp nya sedikit jadi agak rawan juga",5
"packaging nya tipis banget setipis kesabaran ku,first impression hp nya anget bjir",5
"Poco X6 Pro 12G|512G the Best OIS Camera Video Blast Dimensity 8300 Ultra 67W charger 3,5jt",5
"kondisi HP bagus semua kelengkapannya ada nggak ada yang kurang cuman catatan untuk para pembeli bagi di luar pulau Jawa sangat direkomendasikan untuk tidak memakai jasa sic*pat sudah dua kali pesan barang, estimasi sampai barangnya lewat dari yang diperkirakan.",5
"Pengiriman cepat,pembungkusan rapih,barang masih tersegel dan sellernya ramah",5
Akhirnya kebeli juga pengganti Poco F4 yg dicuri orang. Barang masih disegel waktu sampai & ada garansinya âœ¨ Berfungsi dengan baik! Kualitas barang original pasti top. Semoga awet. Thanks. Baru sempet unboxing.,5
"pengiriman cepat, barang segel mulus packing aman",5
"Uda di terima. Belum test fungsinya.
Moga aman & baik. Saran: bubble wrap jgn cuma 1 lapis tipis, drpd timbul urusan belakang - ribet. Ada baiknya bila butuh tambahan biaya wrap, sebutkan saja ato include kan.",5
"alhamdulillah original, dipakai nyaman dan utk foto jg stabil, Pengiriman jg cepat, Sukses Berkah Dunia Akhirat yaaa. Thanks seller",5
"Akhirnya dpt juga barangnya packing rapi dari seller, tapi yg sangat disayangkan barang harus di pick up sendiri, kurir SAPX gak rekomen banget pembelian tgl 1 feb sampai tgl 9 ini gak dikirim kirim. Untung gudangnya dekat dari rumah.",4
"Akhirnya yang ditunggu dari tanggal 1 sampai juga dengan selamat. Packing aman, barang original dan segel. Udah dicoba dan di cek semua beroperasi dengan baik.",5
"respon cepat dikirimnya sehari langsung sampai, barang original ,packing aman",5
Sesuai sama apa yang dibilang review youtube kecuali 1 hal: batrenya boros bgt. Ini ga pernah dibahas sama youtuber. Ya walaupun ngecasnya cepet juga,5
"mantap.. hp bezel tipis, performa gahar, kamera ajib.. bener2 ga salah pilih klw beli ini hp.. yg belum kebagian semoga kebagian, yg belum dateng semoga cepet sampai... 
yg bikin ngiler menurut sya adalah Rom 512 gb ufs 4.0 di rentang harga dibawah 5 juta.. 
bener2 sing ada lawan..",5
"mantapp bagus bgt, performa nya gacor abiss, enak bgt dibuat main game, mines nya hanya cepet panas",5
"barang masih di segel, insyaallah semuanya sesuai dgn spesifikasinya Krn di official storenya Xiaomi.",5
"mantap sesuai deskripsi, barang masih segel, tq seller",5
barang sampai dalam kondisi baik. charger dan yg lainnya lengkap semua. terima kasih,5
"Barang original, masil segel, sampe dengan selamat juga...
Cuman pengirimannya aja yg agak lama",5
"barang nya bagus banget, kualitas perangkatnya pokonga ok banget, hasil foto pake hp juga bagus. kualitas layarmya udh jangan Tanya resolusi aja 1,5k. pokoknya kalo murah gas aja beli",5
"barang waktu sampai masih segel & berfungsi dengan baik, barang asli original 100% , semoga awet hingga 6 tahun amin ğŸ™ğŸ™‡â€â™‚ï¸",5
"barangnya udah nyampe untuk barangnya juga ori, tpi cuma aja telat dikit dalam pengiriman, tapi mungkin ini efek 12.12 jadinya banyak paket yang telat",4
"paket 1 Unit Official Smartphone Poco X6 Pro 5G, 12/512GB, warna: Hitam sudah sampai, Produk Original, Masih tersegel, ada Faktur pembelian, hp sesuai pesanan, pengiriman cepat dan aman (pake Dos). Terima kasih.",5
"mantab Barangnya, ORI, bagus, sesuai ekspetasi",5
bagus segel utuh yg penting original dr official store,5
"barang segel kondisi bagus sayang kurirnya aja lama barang dari pagi udah di deket rumah dikirim besoknya, kalau bisa sediain pengiriman instan. cuma baterry aja sih 5000mah tapi berasa boros padahal gak dipake game",5
"Borong, mantep hpnya lebih kenceng pada x6 biasa, tapi lebih cantik x6 biasa desainnya :v x6 pro lebih ganteng.. sayang ga bisa interconnectivity kayak x6 biasa padahal bawaannya sudah hyperos, udah update ke ekor 9 tetep belum bisa, nunggu update berikutnya lagi karna x6 biasa ekor 13 udah bisa masukin layar ke tab 6s pro.",5
"hyper os
produk sesuai yang dibeli
packing aman
sicepat: cepat dan amanah",5
"Hp nya bagus. Cuma menurut saya anget dan gampang panas. Jujur dah pengirimannya bikin gemes, lama kali. gak sabar wkwk",5
"good condition, dapat harga flash sale 12.12 good job seller and ekspedisi",5
"HP sudah diterima dan ditest, dus packing mulus, hp berfungsi normal. Tergoda check out karena ada diskon toko 500k dan tambahan kupon 400k, hemat 900k dari harga normal ğŸ˜ğŸ˜",5
"barangnya asli poco dan benar ini official xiaomi, awalnya kurang yakin karena selisih harganya  300rb lebih murah dari counter hp tapi kami puas memiliki hp baru dan asli..terima kasih xiaomi",5
"Mantap dapat waktu restock, dapet warna kuning lagi, akhirnya bisa punya hp buat main game, gantiin si ipun yang gampang panas, Mantap Poco Indonesia â¤ï¸",5
"Barang Normal. Instalasi pertama Handphone langsung hangat, lalu setelahnya normal. Dapat update 1.0.4.0.
Genshin 55-60an fps. Ml mentok, belom coba Wuwa, semoga ga ada masalah",5
"mantap. packing oke. ini device dapet war waktu rilis. dh dipakai beberapa minggu mayan enak, kenceng, buat multitasking dan multi app LUAR BIASA, diajak main ini itu sanggup terutama mengingat harganya. dual apps masih agak bermasalah harus pake trik dlu biar game bisa jalan. multi floating app enak dan ttp lancar: saya pakai 2 game floating bersamaan sambil nonton youtube. pengiriman SAPX karna dari kurir rekomendasi agak lama karna kena sabtu minggu mereka kyknya ga ngirim/proses paket yg reguler dan overload sama ni hape wkwk tapi untungnya ttp sampai juga, disarankan milih kurir yg cocok ama daerah tujuan masing2 aja deh. terimakasih, worth dan nyaman bngt untuk device ini, tapi gw rasa agak kurang cocok ni device kl orangnya gamau ngutak ngatik, soalnya kadang agak ribet juga soal os nya, gw kebiasaan pakai android one yang pure android rasanya lebih enak dan ga ribet setting ini itunya dibanding hyperOS.",5
"Pemakaian sebulan tdk ada kendala sih, top markotop chipset nya, bisa libas smua game rata kanan,...",5
"mantap, oke banget.. gak sia sia ikutan war walaupun hampir gak kebagian.. kebagian juga yg bisa di cek out pas harga 4.999 padahal masih 1 jam dari pembukaan",5
"Barang sesuai deskripsi, spesifikasi, dll..
Produk dapat digunakan sesuai fungsi, proses cepat, barang original.. Kelengkapan juga sesuai deskripsi 
Sayangnya kurir kurang bertanggung jawab dan komunikatif, karena barang yang sudah dilabeli dengan label ""FRAGILE"" tetap di lempar ke dalam tanpa konfirmasi terlebih dahulu",5
"Poco X6 Pro Sudah saya terima dengan aman,packing rapih menggunakan dus tambahan dan bubblewrap. unit sudah saya hidupkan, semoga tidak ada kendala saat saya gunakan. terimakasih",5
"Recommended seller, kirim2 cepat, produk original dan bergaransi Ruesmi",5
produk original. seller recomended. jaya terus xiaomi,5
susah mo ngomong apa dabest lah pengiriman cepet packing aman barang pasti ori wes..wes..,5
"Alhamdulillah sampai sesuai jadwal, Semua lancar, HPnya mantaaap berfungsi semua dengan baik, packing rapi dan aman, semoga awet, terima kasih banyak kak..",5
barang masih segel dan bergaransi resmi alhamdulillah sangat puas dengan barangnya,5
"Barang baru, masih segel dan sangat sesuai ğŸ˜",5
"masuk dalam budgetku. maunya sih kakak nya f6. lumayan lah. semoga awet. 
tetapi agak cepat panas ya, mungkin awal2 setup saja kali ya.",5
"Barang Masih segel, kurir mantap cepat response semoga hp awet buat main Genshin",5
"Pesanan sudah tiba terimakasih, sempet bingung cari lokasi NFCnya. Ternyata ada dibagian atas dari kamera belakang.",5
"Barang sudah diterima, pengiriman standar normal gk cepet gk lama sesuai jadwal, packing rapih..semoga awet.",5
"pengiriman paket nya agak telat sehari, tp brg yg dateng sesuai, isi nya jg aman, thank you sayang ga dpt yg abu, tp yg hitam jg bagus, makasih",5
"Mantap , Barang bagus harga murah dibanding kompetitornya . sdh dicoba kameranya , bagus. Komplit tingal pakai",5
mantap segel xiaomi manis banget original perfect packingnya,5
"barang sesuai, pengiriman menggunakan si cepat beneran cepat dari pada pake yg pinkğŸ˜„",5
Respon seller super cepat. Barang sampai dengan cepat dan aman. Fitur lumayan lengkap. Spec melebihi harganya,5
"berburu terniat, finally dapet juga col yellow ğŸ˜ walupun harga official, hehe.. dan ganti hp dr nymnyung 4 thn lamany, penasaran sm hyper os nya, moga hpnya awet dipake daily, thnks poco.id",5
"Barang sudah sampai, spesifikasi sesuai deskripsi dan original. Setelah dihidupkan + disetup hp berfungsi dengan baik, semoga hpnya awet.",5
"barangnya bagus masih di segel, pokoknya poco emang hp harga merakyat spek kelas atas",5
paket rapih segel rapih hp nya pun ok. makasih seller. yang jadi masalahnya itu pengiriman nya status brg sdh tiba di kantor si cepat tp brgnya harus di ambil sndr klo bisa kasi bintang 1/2 buat ekspedisi nya PARAH......,5
"Untuk barang si ngga ada komplain, seperti kata para reviewer di YouTube langsung sikat aja keburu ghoib
Tapi untuk pengiriman pake kurir rekomendasi tokped bener2 ampas parah, saran untuk yg beli jangan pake kurir rekomendasi Tokopedia, pilih yg reguler aja ngga papa bayar tambahan ongkir asal pengiriman sesuai harapan
Udah pengiriman lama, kardus penyok luar dalem padahal udah ada sticker barang fragile, untung banget barangnya masih aman
Overall 10 bintang buat poco X6 pro 5G, 1 bintang buat packing dan pengiriman nya
And again, great job POCO INDONESIA, SALUTE ğŸ¤ğŸ‘",5
barangnya bagus pas di pegang berasa banget mewahnya,5
barang mendarat dengan selamat sesuai pesanan. cuma yang pasang antigoresnya kok gk simetris ini terlalu atas ğŸ˜…. semoga awet dan bermanfaat. terima kasih,5
"Barang segel, cuman kualitas kardus luar bisa ditingkatkan lagi, bisa ikuti bahan seperti kardus sh**** , walaupun di dalam sudah ada bubble wrap nya",5
sesuai pesanan...recomended seller,5
"pengiriman sedikit lama dan terbelit belit update resi di aplikasi expedisi, 
klo di toped sendiri emg gaada update resi karena selalu ghoib. 

untuk produk sih oke bngt, sesuai yg dikirim dan suka. 
untuk toko juga fast respon dan menuruti kemauan ku untuk antar paketku ke expedisi, alias tidak di pick up saat itu sama kurir. tapi ya kitu sapx emg lama pengiriman nya.tpi okeh aja deh namanya reguler rekomendasi dan harga ongkir termurah.",4
"packing aman rapi, barang oke bgt (ofc), berfungsi dengan baik, pengiriman juga mantap.",5
"barang masih disegel, barang sesuai pesanan, dan pengiriman tepat waktu .
cukup puas utk kualitas . mgkn hnya packing krg safety dan respon chat diperbaiki",5
"barang berfungsi dengan baik setelah beberapa lama pakai .. processor , ram , penyimpanan ajib lah ğŸ˜ğŸ™ yang orang"" bilang panas , padahal biasa aja .. kalau di geber game rata kanan mau hp spek apapun pasti panas .. baterai di bilang boros ga , di bilang awet ngga .. ya cakep lah pokok nya .. mungkin dengan clock prosessor yg besar , upgrade layar quality , ufs 4, ram 512 membutuhkan daya lebih untuk memproses ... kinerja kencang pasti butuh daya yang mumpuni .. ğŸ˜ğŸ™",5
barang masih disegel waktu sampai dan ada garansi resminya mantapğŸ™„,5
"Alhamdulillah bisa upgrade hp, kualitasnya bagus dan masih baru",5
"Paket sudah diterima. Pengiriman tepat waktu dan produk sesuai pesanan. Senang banget saya dapet X6pro seharga 3.9jt, beruntung lagi ada diskon 11.11. Produknya tiba dalam kondisi baik; masih segel, box masih seal plastik, dan konten isi lengkap semua. HP dan semua asesorisnya tidak ada cacat, tested berfungsi sempurna. Memuaskan sekali. Terima kasih. 
---- UPDATE : Pagi ini (14/11) diskonnya malah lebih besar lagi, jadi 3.8jt. Tau begitu, belinya hari ini, selisih 100rb :)",5
"barang diterima dalam kondisi baik, semoga nanti awet dan tidak ada masalah selama pemakaian",5
mantapp pengiriman cepat hape oke sejauh ini berfungsi dengan baik,5
Barang tersegel dengan baik dan berfungsi seperti yang d harapkan â£ï¸,5
"packing rapih aman oke tdk ada benturan atau penyok
kondisi unit oke sesuai 12/512
berjalalan lancar. dan berfungsi normal 
carger oke baru nyala ngsung cas dri 50% bntran dong di tinggal pasng antigores sdh 100%
seller ramah , kurrir sesuai nama sicepat smpe juga cepat order tgl 16 sampe tgl18 tggrng - palembang
next bisa di recom ke temaan dn kluarga 

overall good",5
"barang sesuai dengan pesanan, masih terbungkus segel dan packingnya rapih, prosesnya cepat makasih y ka ğŸ‘ğŸ‘ğŸ‘",5
"Barang sesuai deskripsi
Pengiriman cepat
Seller fast respon
Thank you",5
"Bagus enak digenggam gak licin, buat batre agak boros dikit tapi ga drop banget, wallpapernya bagus bagus banget cuy walau bayar 7,500 tapi ga rugi beli berasa 4k, heran sama orang yang bilang hpnya panas hpnya boros banget, itu orang iri aja gak kebagian hp goib ğŸ˜‚

Note: Disaranin jangan pilih kurir sapx soalnya kalo mau puasa gini pasti ada dramanya untung kemaren cuma 3 hari",5
Alhamdulillah makasih banyak.. semoga awet dan tidak gantiÂ² hp lagi.. ORI,5
"barang sampai dengan selamat, gak ada cacat dust atau gimana.
Poko nya best.",5
"mantap barangnya, memang ada yang bilang mudah panas, tapi tidak sepanas hp poco F1 saya dulu, fitur nya juga oke sesuai hasil review nonton di YT.

untuk pengiriman ok... tapi untuk proteksi tambahan dangan harga 50k nga worth it, buble wrapnya dikit dan kotak saya penyok dikit",5
"alhamdulillah barang nyampe rumah keadaan aman tidak ada penyok, untuk perangkat aman tidak ada kendala, pengiriman cepat, makasih min semoga barangnya awet",5
Kondisi barang bagus mulus walau banyak drama nunggu sampe 2 Minggu tapi gapapa lah mendarat dengan sempurna,4
Barang msh di segel. Berfungsi dg baik. Semoga awet HP nya,5
semua sesuai pengiriman cepat hp sudah digunakan beberapa hari dan puas dengan hasilnya,5
"Barang pasti ori, pengiriman cepat. Packing sedikit rawan. HP ngebut, full charge <50 menit. Tapi baterai lumayan cepet habis. Pemakaian full YouTube Â±6 jam, game Â±4 jam. Kamera terlalu bagus untuk gamer. Semoga dapat update OS biar lebih efisien baterainya. 5G goo brrrrr",5
"Waktu sampai barang diterima lebih cepat dari estimasi, namun saat diterima dan diunboxing ternyata kotak hp nya penyok semoga tidak berpengaruh pada unitnya",4
SELESAI UNBOXING LANGSUNG GANTI ROM MI GLOBAL,5
"Alhamdulillah barang sampai dengan selamat, barang sesuai, pengiriman cepat, packaging oke! mantap pokoknya! Thank you!",5
"pengiriman si cepat lambat, packing handphone bagus, handphonenya aman.",5
"Pelayanan xiaomi emang topğŸ‘
Untuk hpnya saya agak gimana gitu, jujur barang dateng cuman di packing dengan bublewrap sedikit, dus box masih segel xiaomi, kelengkapan dapat charger 67watt turbo charge, dapat jelly case, buku panduan plus stiker poco, dan hpnya tentunya yg sudah di pasangkan proteksi layar.

Poco x6 pro 5g hp tipis ringan, untuk dapur pacunya dimensity 8300 ultra buset ini hp semua game dilibas rata kanan dengan fps tinggi, layar 120hz flow amoled, speaker stereo dollby atmos, kamera 64mp OIS lumayan cakep meski desain kameranya agak kurang cocok di hati saya tapi tidak apa-apa. Untuk yg suka lubang, di hp ini tidak ada lubang 3,5 jack audionya jadi harus beli spliter tambahan.
Nah untuk baterainya jujur saja ini agak boros di kapasitas 5000mah, tapi saya mengerti ini hp dengan chipset ganas, layar super bagus dan frame rate kenceng wajarlah butuh daya gede juga.
Saya suka poconyağŸ‘Œ",5
barang ORI dan masih disegel. terima kasih,5
"MANTAP BANGET, BARANG SEGEL, PENGIRIMAN CEPET, SESUAI SEMUA POKOKNYA, THANKS",5
barang diterima dalam kondisi aman dan berfungsi dengan baik...terima kasih,5
brg sudah diterima. brg bagus. hasil photo kameranya memuaskan. harga murah tp tdk murahan. sungguh berkwalitas.,5
"pesanan sesuai..
barang datang masih disegel,
hp berfungsi dengan baik...",5
"packingan  bagus, barang pun masih tersegel. 
mantapp",5
"barangnya aman, tersegel dan pengirimannya tepat waktu
salut juga dengan kurirnya yang effortnya luar biasa mau ngirimkan barang meski cuaca lagi hujan",5
Walaupun dengan susah payah dan degdegan akhirnya barang mendarat dengan aman. Lama sekali memang tapi wajar karena pesanan pasti membludak. Overall terimakasih. Good job.,5
"tiba dg selamat, full segel, seller top, kurir jos",5
"Alhamdulillah barang sampai dgn selamat dan sesuai. terimakasih seller, toped dan kurirnya. Semoga berkah dan amanah. aamiiin. 

bbrp gambar yg sy sematkan tdk mewakili toko. toko dan kurir yg mengantarkan barang ini bagus dan amanah kok. 

hanya sekedar berbagi dgn para konsumen lain bahwa penipuan online juga bisa dilakukan oleh siapa saja. kadang mengaku perwakilan dari toko, kadang mengaku dari gudang sortir kadang malah mengaku kurir. 

semoga tdk ada lagi yg tertipu, karena sekecil apapun jumlah uang yg dikeluarkan, tetaplah berharga utk yg membutuhkan. 

semoga para penipu dan oknum semuanya tersiksa dunia akhirat.....apapun bentuk siksaannya saat kalian terima di dunia. janganlah pernah bertaubat  ingat wahai para penjahat dunia. janganlah engkau semua meminta maaf dan bertaubat wahai para penipu. 

agar kami para konsumen yg tertipu selalu senantiasa bisa melaknat kalian dan mendoakan keburukan utk kalian semua.",5
Barang cepat sampai. Padahal saya termasuk terpencil alamatnya. Packing rapi sangat OK. Barangnya ori dan keren parah. Good job Xiaomi,5
Barang sampai cepat salam kondisi sangat baik. packingan aman. Great service..,5
"Xiaomi official store nya sih gada masalah, cuma ini ekspedisinya sampah banget. Pesen kamis, dari hari jumat barang ngetem doang di cabangnya sampai hari senin. Kalau ga di jemput, gatau diantar kapan. Mending gausah pake SAPX lah xiaomi, sampah ini ekspedisi nya.",5
"paket sesuai pesanan, packing oke, pengiriman cepat. belum unboxing dari. box nya karena untuk kado. semoga awet.",5
batang berfungsi normal. sesuai  spesifikasi. mantaplah poco...,5
"barang resmi segel.
sampai dengan selamat hanya lama di pick up kurir harusnya dikasi keterangan pick up senin sampai jumat.",5
"overall oke untuk hapenya tapi untuk pengiriman nya lelet banget pake reguler karna gak ada opsi pengiriman instan, sampe day atau nex day paket sampe nya lama. 
next klo bisa kemudian hari diperbanyak lagi opsi pengiriman nya.",3
"Maaf ngak bisa upload video unboxing nya karena size kegedean, overall senang paket bisa sampe dengan baik ğŸ˜ğŸ˜ğŸ‘ŒğŸ»",5
"belum unboxing tapi sepertinya mantap, packing sempat basah karena musim hujan, tapi paket aman bublewarp berlapis-lapis, palsri box juga rapet ğŸ‘",5
"samapi dengan aman. packing rapih, pengiriman cepet.  barang sesuai deskripsi. harga lebih murah dari toko sebelah.",5
"terima kasih... transaksi Aman, barang tiba juga dengan Aman. terima kasih Xiaomi, terima kasih tokopaedia, terima kasih kakak",5
"pengiriman cepet, barang nya sesuai dan gak ada cacat, semoga awet kedepannya",5
barang masih disegel dengan baik. Sesuai spek dan cukup puas dengan pengiriman dari pihak pengiriman,5
"Mantap Tanpa Lag, inovasi yang sangat bagus dengan mangadobsi teknologi kencang tahun 2023 pertahankan sampai ketemu lagi di poco x9 pro 3 tahun lagi :v",5
Hp paling worth it apalagi kalo dapet under 4.3,5
"Kalau tentang hp, banyak reviewnya cek YouTube aja. Yang mau di review adalah Xiaomi Official Store yang menurut saya smart dalam mempertahankan stok untuk real end user bukan tengkulak. Kalau emang niat buat dapetin, saran saya masukin wishlist dan selalu refresh (notifikasi restock Tokopedia rada lama soalnya padahal stock udah ready)

Pengemasan dan pengiriman pun cepat (meskipun proteksi pengemasan sepertinya kurang tebel min, kotaknya penyok dikit hehe).

Overall, puas lah sama layanannya. Terimakasih Xiaomi yang selalu menemani dari 2014!",5
barang sesuai dengan pesanan. di terima dalam keadaan dus kena air hujan sedikit. semoga moment harbolnas packingnya di buat lebih aman untuk kondisi cuaca hujan. terima kasih,4
"bagus ga ada lecet sama sekali, kalau bisa tambahin lakban fragile biar ga di banting2, sama bubble wrapnya agak di tebelin lg",5
"Walaupun pengirimannya lumayan lama, tapi barang sampai dengan keadaan aman, didalam isinya tidak ada kendala rusak, mantappp",5
"barang sesuai, packing oke, proses pengiriman oke,",5
puas gan.  memorinya 512 gb dan ram 12 plus 6. terima kasih,5
"proses cpt, packing aman, brg sesuai deskripsi, kurirnya mepet waktu kirimnya",5
"barang telah mendarat dengan selamat, pengantar cepat, barang original",5
"packingnya cepet terus aman rapi, pengirimannya juga oke, barang selamat sampai tujuan dengan cepat. Thanks XiaomiğŸ«¶",5
"barangnya bagus, sesuai , barang nya baru , original,  makasih banyak",5
BRang original cuman jasa kirim lemot untuk blitar,5
"Barang masih disegel, pengiriman cepat, paket sampai dengan selamat",5
Barang Original pastinya.... performance keren abis....respon Xiaomi official store nya jg keren. Semoga awet.,5
"produk original
packing aman
proses penyerahan paket ke kurir.agak lama
pengiriman lumayan cepat",4
Barang masih disegel waktu sampai & adagaransi resminya ; Berfungsi dengan baik!ğŸ‘ğŸ‘,5
"respon cepat packing aman barang sesuai diskripsi , semoga awet....",5
"barang sudah sampai dengan aman segel dan tidak ada cacat, terimakasih sukses selalu",5
"poco bikin standar HP 4 jutaan semakin sulit disaingi brand lain, jos.",5
"mantap barang segel, pengiriman cepat. semoga awet dah",5
"barang sudah diterima dengan baik, lancar tanpa kendala packing juga rapi. Sukses terus Xiaomi indonesia.",5
"tersegel rapih, hp bagus sekali, puass dengan fitur yang dimiliki",5
Sudah pasti ori sih soalnya belanja di offical store juga dapat harga murah pas event 12.12 juga. Yg kebangetan di kurirnya aja sih please jangan mau pake si cepat,5
"baru bisa kasih penilaian sekarang barang datang  dgn selamat
hanya saja, minta yg warna grey yg datang malah warna hitam, its ok no problem yg penting berfungsi baik semua nya",5
"barang bagus ,meskipun dusnya basah karena hujan",5
"Barang tiba sesuai jadwal, aman, sudah pakai, normal.",5
"sipp, sudah saya pakai selama seminggu sebagai hp utama, dan gk ada masalah.",5
"Barang masih di segel, mantap top pokok nya",5
barang original dan sesuai dengan yang dipesan,5
"Barang sudah diterima, kondisi baik.
Sedang coba di setting dan test.
Dapet juga.

Terimakasih banyak",5
"respon CS cepat dan ramah, barang sampai dengan selamatğŸ‘ğŸ‘",5
barang sesuai deskripsi. packing barang nya bagus. mantap. semoga awet aja nich hp. terimakasih Xiaomi.,5
"Mantap barangnya sesuai deskripsi..
cuman peoses sama pengirimannya agak lama",5
"Barang keren, ORI. Mendarat dengan aman, Bublewrapp next nya harus extra lagi biar lebih aman! semoga garansi berjalan aman.",5
"alhamdulillah bisa jadi usernya poco x6 Pro 5G,,unit sampai dengan selamat dan tidak ada kendala serta gangguan,mudah mudahan awet Aamiin.
thanks poco dan tokped.",5
"barang aman, packing safe, pengiriman cepat, barang lancar digunakan...",5
"mantap x pokok nya
klen kok mo beli saran ku ke toko ini aja la klen, gak usah ke toko lain, gak percaya klen...!!! 
tesss",5
"barang sampai dengan aman dan cepat, sesuai expectasi harga masih masuk akal",5
Alhamdulillah barang sampai dengan selamat. Maaf saya baru kasih ulasan soalnya sudah hampir 1 Minggu saya tes normal tidak ada kendala. Performa ngebut mantap di harga segini. apalagi kena harga murah lagi di event 12.12. Mantap Xiaomi,5
"dapet unit yang charger nya cacat pabrik, buat ngecas 2 jam baru penuh. udah chat ke admin balesannya lama 2hari baru bales. alhasil langsung klaim garansi dihari pertama di sc xiaomi kota sebelah. soal unit hp emang jos sih performa nya ga perlu diragukan, baterai awet, game berat libas semua.",3
"proses cepat, barang di packing dgn rapi, aman sampai tujuan",5
